<document>
	<properties>
		<author email="peter.kliem@jaret.de">Peter Kliem</author>
		<title>jaretutil changelog</title>
	</properties>
	<body>
		<section name="changelog for de.jaret.util">
			<subsection name="2009-10-08 version 0.32">
				<ul>
					<li>
						Added a DST correction to the DateIterator.
					</li>
				</ul>
			</subsection>
			<subsection name="2009-09-23 version 0.31">
				<ul>
					<li>
						Fixed a bug in the Swing GraphicsHelper.
					</li>
				</ul>
			</subsection>
			<subsection name="2009-02-22 version 0.30">
				<ul>
					<li>
						Changed the date iterators to millisecond accuracy and added a millisecond iterator.
					</li>
					<li>
						DateIterators can now be configured with an external supplied formatter.
					</li>
					<li>
						Interval interface has now a new method: contains(Interval). Sorry if this breaks something but should be easy to fix.
					</li>
				</ul>
			</subsection>
			<subsection name="2009-01-20 version 0.29">
				<ul>
					<li>
						Corrected a small bug in the DateIterator and added a SecondIterator.
					</li>
				</ul>
			</subsection>
			<subsection name="2009-01-01 version 0.28">
				<ul>
					<li>
						Small additions.
					</li>
				</ul>
			</subsection>
			<subsection name="2008-05-04 version 0.27">
				<ul>
					<li>
						Added a simple time machine utility (supplies real time or a configurable time)
					</li>
					<li>
						Fixed a bug in the WeekIterators getLabel method (thanx Thomas): When using LONG format it included
						the first day of the next week
					</li>
				</ul>
			</subsection>
			<subsection name="12/21/2007 version 0.26">
				<ul>
					<li>
						Added a new simple widget: the color spot simply drawing a colored spot.
					</li>
				</ul>
			</subsection>
			<subsection name="11/03/2007 version 0.25">
				<ul>
					<li>
						Some more helper methods for SWT graphics.
					</li>
					<li>
						Class Event as specialized Interval
					</li>
				</ul>
			</subsection>
			<subsection name="07/18/2007 version 0.23">
				<ul>
					<li>
						Several very small improvements and bugfixes
					</li>
				</ul>
			</subsection>
			<subsection name="06/05/2007 version 0.22">
				<ul>
					<li>
						Several small improvements and bugfixes
					</li>
				</ul>
			</subsection>
			<subsection name="05/01/2007 version 0.21">
				<ul>
					<li>
						IntervalImpl now listens on changes on begin/end. However the begin and end dates should be used
						like immutable types. 
					</li>
				</ul>
			</subsection>
			<subsection name="02/18/2007 version 0.20">
				<ul>
					<li>
						Small changes. 
					</li>
					<li>
						Added the DateIterator and implementations. 
					</li>
					<li>
						Note: version 0.19 has been an internal evaluation version. 
					</li>
				</ul>
			</subsection>
			<subsection name="01/06/2007 version 0.18">
				<ul>
					<li>
						Small changes.
					</li>
				</ul>
			</subsection>
			<subsection name="08/22/2006 version 0.17">
				<ul>
					<li>
						Changed build to SWT 3.2 (will most probably
						continue to work with 3.1)
					</li>
				</ul>
			</subsection>
			<subsection name="05/03/2006 version 0.16">
				<ul>
					<li>minimal changes, small bugfixes</li>
				</ul>
			</subsection>
			<subsection name="04/12/2006 version 0.15">
				<ul>
					<li>several small improvements</li>
				</ul>
			</subsection>
			<subsection name="02/17/2006 version 0.14">
				<ul>
					<li>changed build to maven2</li>
					<li>
						added HolidayEnumerator for pl_PL (Poland -
						guess why ...)
					</li>
				</ul>
			</subsection>
			<subsection name="10/22/2005 version 0.13">
				<ul>
					<li>
						several small fixes/additions supporting the
						jaret table
					</li>
				</ul>
			</subsection>
			<subsection name="06/30/2005 version 0.12">
				<ul>
					<li>
						<b>Changed license to CPL</b>
					</li>
					<li>
						finished HolidayEnumerator_en_US (federal
						holidays)
					</li>
					<li>finished HolidayEnumerator_fr_FR</li>
					<li>Switched to SWT 3.1 RC1</li>
					<li>
						added some simple custom widgets (ListComposer,
						CsvListEditor)
					</li>

					<li>Introduced changelog for the util package</li>

				</ul>
			</subsection>
		</section>
	</body>
</document>
