<document>
  <properties>
    <author email="peter.kliem@jaret.de">Peter Kliem</author>
    <title>jaretutil screenshots</title>
  </properties>
  <body>
    <section name="de.jaret.util: Screenshots">
		<p>
			Some screenshots from the simple widgets in jaretutil.
		</p>
		<p>
		<img src="images/ListComposer.gif"/>
		</p>
		<p>
			ListComposer
		</p>
		<p>
		<img src="images/InfoProvider.gif"/>
		</p>
		<p>
			InfoProviderView (for runtime debug purposes) 
		</p>
    </section>
  </body>
</document>