<?xml version="1.0" encoding="ISO-8859-1"?>
<project name="jaret timebars">
  <bannerLeft>
    <name>jaret timebars</name>
    <src>jaret_web.jpg</src>
    <href>http://www.jaret.de/</href>
  </bannerLeft>
 <!-- <bannerRight>
    <src>http://maven.apache.org/images/maven-small.gif</src>
  </bannerRight>
 --> <body>
    <links>
      <item name="jaret" href="http://www.jaret.de/" />
      <item name="xpmp" href="http://www.xpmp.de/" />
      <item name="geexel" href="http://www.geexel.de/"/>
    </links>

    <menu name="jaret timebars">
      <item name="overview" href="index.html"/>      
      <item name="screenshots" href="tb_screenshots.html"/>      
      <item name="documentation" href="documentation/timebars.html"/>      
      <item name="changelog" href="changelog.html"/>      
      <item name="commercial" href="commercial.html"/>      
      <item name="status" href="status.html"/>      
      <item name="examples" href="examples.html"/>      
      <item name="architecture" href="architecture.html"/>      
      <item name="usages" href="tb_usages.html"/>      
    </menu>
<menu name="impressum">
   <item name="impressum" href="../impressum.html"/>      
 </menu>

<menu ref="reports"/>
    
  </body>
</project>
